Id,PostTypeId,CreationDate,Tags
48284078,1,1/16/2018 14:57,<c#><ms-office><office-interop>
48284079,2,1/16/2018 14:57,
48284080,2,1/16/2018 14:57,
48284081,2,1/16/2018 14:57,
48284083,1,1/16/2018 14:57,<acumatica>
48284084,2,1/16/2018 14:58,
48284086,2,1/16/2018 14:58,
48284087,2,1/16/2018 14:58,
48284088,1,1/16/2018 14:58,<html><css><angularjs><checkbox><iteration>
48284089,1,1/16/2018 14:58,<doxygen><clang-static-analyzer><clang-tidy>
48284090,2,1/16/2018 14:58,
48284091,2,1/16/2018 14:58,
48284092,2,1/16/2018 14:58,
48284093,1,1/16/2018 14:58,<python><sympy>
48284094,1,1/16/2018 14:58,<python>
48284095,2,1/16/2018 14:58,
48284098,1,1/16/2018 14:58,<sql><sql-server><insert>
48284099,2,1/16/2018 14:58,
48284100,1,1/16/2018 14:58,<c++><qt><path><installation><directory>
48284101,1,1/16/2018 14:58,<javascript><maps><here-api>
48284103,2,1/16/2018 14:58,
48284104,2,1/16/2018 14:58,
48284106,2,1/16/2018 14:59,
48284107,2,1/16/2018 14:59,
48284108,2,1/16/2018 14:59,
48284109,2,1/16/2018 14:59,
48284111,2,1/16/2018 14:59,
48284112,1,1/16/2018 14:59,<sql><oracle>
48547810,1,1/31/2018 17:14,<css><node.js><express><iis-7.5><iisnode>
48547811,1,1/31/2018 17:14,<twitter-bootstrap><angular-xeditable>
48547812,1,1/31/2018 17:14,<android><openstreetmap><osmdroid>
48547814,2,1/31/2018 17:14,
48547816,1,1/31/2018 17:14,<android><file><object><save><fileoutputstream>
48547818,1,1/31/2018 17:15,<python><pandas><dataframe><spyder>
48547820,2,1/31/2018 17:15,
48547821,2,1/31/2018 17:15,
48547824,2,1/31/2018 17:15,
48547825,2,1/31/2018 17:15,
48547826,2,1/31/2018 17:15,
48547827,2,1/31/2018 17:15,
48547828,2,1/31/2018 17:15,
48547829,2,1/31/2018 17:15,
48547830,2,1/31/2018 17:15,
48547831,2,1/31/2018 17:15,
48547832,2,1/31/2018 17:15,
48547833,1,1/31/2018 17:15,<reactjs><webpack><css-loader><html-webpack-plugin><react-dom-server>
48547835,2,1/31/2018 17:15,
48547836,2,1/31/2018 17:15,
48547838,2,1/31/2018 17:15,
48547839,2,1/31/2018 17:16,
48547841,2,1/31/2018 17:16,
48547843,1,1/31/2018 17:16,<html><css>
48547844,2,1/31/2018 17:16,
48547845,2,1/31/2018 17:16,
48547846,2,1/31/2018 17:16,
48547847,2,1/31/2018 17:16,
48547848,2,1/31/2018 17:16,
48547850,2,1/31/2018 17:16,
48547851,2,1/31/2018 17:16,
48547852,2,1/31/2018 17:16,
48547853,1,1/31/2018 17:16,<rust><hyper>
48547854,1,1/31/2018 17:17,<jquery><always-on-top>
48547855,2,1/31/2018 17:17,
48547857,2,1/31/2018 17:17,
48547858,2,1/31/2018 17:17,
48547859,1,1/31/2018 17:17,<java><ternary-operator>
48547860,1,1/31/2018 17:17,<javascript><facebook-graph-api>
48547861,2,1/31/2018 17:17,
48547863,1,1/31/2018 17:17,<php><sql><wordpress><woocommerce><payment-gateway>
48547864,1,1/31/2018 17:17,<ios><objective-c><uitextfield>
48547865,2,1/31/2018 17:17,
48547866,1,1/31/2018 17:17,<python><matplotlib>
48547870,2,1/31/2018 17:17,
48547872,1,1/31/2018 17:17,<image-processing><computer-vision>
48547873,1,1/31/2018 17:17,<php><google-maps><geocode>
48547874,2,1/31/2018 17:18,
48547875,1,1/31/2018 17:18,<url><mod-rewrite><https>
48547877,2,1/31/2018 17:18,
48547878,2,1/31/2018 17:18,
48547880,2,1/31/2018 17:18,
48547881,2,1/31/2018 17:18,
48547884,2,1/31/2018 17:18,
48547886,1,1/31/2018 17:18,<java><android><animation><focus><focusable>
48864255,1,2/19/2018 10:37,<vb.net><visual-studio-2015><devexpress><show><popupmenu>
48864257,2,2/19/2018 10:37,
48864258,2,2/19/2018 10:37,
48864259,1,2/19/2018 10:37,<linux><service><command><systemctl>
48864261,1,2/19/2018 10:37,<android><google-chrome><progressive-web-apps>
48864262,2,2/19/2018 10:37,
48864263,1,2/19/2018 10:37,<entity-framework><automapper><automapping>
48864264,1,2/19/2018 10:37,<c#><xamarin><uwp>
48864265,1,2/19/2018 10:37,<conditional><inner-join><mysql-5.7>
48864266,2,2/19/2018 10:38,
48864267,2,2/19/2018 10:38,
48864268,1,2/19/2018 10:38,<typescript>
48864269,2,2/19/2018 10:38,
48864270,2,2/19/2018 10:38,
48864272,1,2/19/2018 10:38,<bash><ubuntu><docker><circleci>
48864275,2,2/19/2018 10:38,
48864278,1,2/19/2018 10:38,<ajax><jsf><partial>
48864279,2,2/19/2018 10:38,
48864280,2,2/19/2018 10:39,
48864281,1,2/19/2018 10:39,<python><matlab><interface><simulink>
48864282,1,2/19/2018 10:39,<javascript><jquery><autocomplete>
48864283,2,2/19/2018 10:39,
48864284,2,2/19/2018 10:39,
48864285,1,2/19/2018 10:39,<protege>
48864286,1,2/19/2018 10:39,<spring><rest><authentication><spring-boot><jwt>
48864287,1,2/19/2018 10:39,<python><python-2.7><python-os>
48864288,2,2/19/2018 10:39,
48864289,1,2/19/2018 10:39,<magento><filter><magento-1.9><soap-client><complextype>
48864290,1,2/19/2018 10:39,<algorithm><recursion>
48864291,2,2/19/2018 10:39,
48864292,1,2/19/2018 10:39,<tfs><visual-studio-2017><azure-pipelines><gated-checkin>
48864293,1,2/19/2018 10:39,<sonarqube><sonarqube-scan><azure-pipelines-build-task>
48864294,1,2/19/2018 10:39,<spring-integration><comparator><priority-queue><classcastexception>
48864295,1,2/19/2018 10:40,<powershell><integer><rounding><bankers-rounding>
48864297,2,2/19/2018 10:40,
48864300,2,2/19/2018 10:40,
48864301,1,2/19/2018 10:40,<doctrine><doctrine-query>
48864303,2,2/19/2018 10:40,
48864304,2,2/19/2018 10:40,
48864305,2,2/19/2018 10:40,
48864306,1,2/19/2018 10:40,<identityserver4>
48864307,1,2/19/2018 10:40,<java><android><receiver>
48864308,1,2/19/2018 10:40,<iterator><rust>
48864311,2,2/19/2018 10:40,
48864312,2,2/19/2018 10:41,
48864313,2,2/19/2018 10:41,
48864315,1,2/19/2018 10:41,<javascript><json><angular><typescript>
48864316,1,2/19/2018 10:41,<android><android-arrayadapter><autocompletetextview><custom-adapter><android-adapterview>
48864317,2,2/19/2018 10:41,
48864319,2,2/19/2018 10:41,
48864320,2,2/19/2018 10:41,
48864321,2,2/19/2018 10:41,
48864323,1,2/19/2018 10:41,<r><openair>
48864324,2,2/19/2018 10:41,
48864325,1,2/19/2018 10:41,<unix><docker>
48864326,1,2/19/2018 10:41,<html><css>
53582831,1,12/2/2018 17:31,<linux><shell><command-line><zsh><shebang>
53582833,2,12/2/2018 17:32,
53582834,1,12/2/2018 17:32,<go><design-patterns><api-design><serverless><go-gorm>
53582835,2,12/2/2018 17:32,
53582836,2,12/2/2018 17:32,
53582838,2,12/2/2018 17:32,
53582839,2,12/2/2018 17:32,
53582840,2,12/2/2018 17:32,
53582841,2,12/2/2018 17:33,
53582842,2,12/2/2018 17:33,
53582843,2,12/2/2018 17:33,
53582845,2,12/2/2018 17:33,
53582846,1,12/2/2018 17:33,<python><shell><click>
53582847,1,12/2/2018 17:33,<python><web><web-scraping>
53582848,1,12/2/2018 17:34,<azure><azure-data-factory><azure-machine-learning-studio><ml-studio>
53582849,1,12/2/2018 17:34,<google-pay>
53582851,1,12/2/2018 17:34,<php><jquery><mysql><ajax>
53582852,2,12/2/2018 17:34,
53582853,1,12/2/2018 17:34,<automated-tests><roles><e2e-testing><testcafe>
53582854,2,12/2/2018 17:34,
53582855,1,12/2/2018 17:34,<oracle><plsql>
53582856,2,12/2/2018 17:35,
53582857,2,12/2/2018 17:35,
53582858,2,12/2/2018 17:35,
53582859,1,12/2/2018 17:35,<python><sql-server><sqlalchemy>
53582860,1,12/2/2018 17:35,<android><kotlin><kotlinx.coroutines>
53582861,1,12/2/2018 17:35,<python><oop><user-interface><logging><tkinter>
53582862,2,12/2/2018 17:35,
53582864,1,12/2/2018 17:36,<owl><ontology><protege>
53582865,2,12/2/2018 17:36,
53582866,2,12/2/2018 17:36,
53582867,2,12/2/2018 17:36,
53582868,1,12/2/2018 17:36,<wordpress><.htaccess>
53582871,2,12/2/2018 17:36,
53582872,2,12/2/2018 17:36,
53582873,1,12/2/2018 17:37,<html>
53582874,1,12/2/2018 17:37,<python><python-3.x><shutil>
53582875,2,12/2/2018 17:37,
53582876,2,12/2/2018 17:37,
53582877,2,12/2/2018 17:37,
53582878,1,12/2/2018 17:37,<amazon-ec2>
53582879,1,12/2/2018 17:37,<excel><vba>
53582880,1,12/2/2018 17:37,<php><loops><logic>
53582881,1,12/2/2018 17:37,<eclipse><drools><jboss-tools><drools-kie-server><jboss-developer-studio>
53582882,1,12/2/2018 17:38,<swift><augmented-reality><arkit><cvpixelbuffer><apple-vision>
53582883,2,12/2/2018 17:38,
53582884,1,12/2/2018 17:38,<python>
53582886,2,12/2/2018 17:38,
53582887,1,12/2/2018 17:38,<c#><unity3d>
53582888,2,12/2/2018 17:38,
53582890,2,12/2/2018 17:38,
53582892,1,12/2/2018 17:38,<c#><asp.net><odata>
53582893,2,12/2/2018 17:39,
53582895,1,12/2/2018 17:39,<odroid>
53582896,1,12/2/2018 17:39,<python><numpy><random><indexing>
53582897,2,12/2/2018 17:39,
53582898,2,12/2/2018 17:39,
53582899,1,12/2/2018 17:39,<html><visual-studio><copy-paste>
53582900,1,12/2/2018 17:40,<c#><ienumerable><enumerator><yield-return>
53582902,1,12/2/2018 17:40,<postgresql><timescaledb>
53582903,2,12/2/2018 17:40,
53582905,2,12/2/2018 17:40,
53582906,1,12/2/2018 17:41,<android><android-studio>
53582909,2,12/2/2018 17:41,
53582910,2,12/2/2018 17:41,
53582911,2,12/2/2018 17:41,
53582912,1,12/2/2018 17:42,<angular><asp.net-core><angular6><asp.net-core-webapi><angular-http>
53582915,2,12/2/2018 17:42,
53582916,1,12/2/2018 17:42,<html><textarea><placeholder>
53582918,1,12/2/2018 17:42,<.htaccess><url-redirection>
53582919,2,12/2/2018 17:42,
53582920,2,12/2/2018 17:43,
53582922,1,12/2/2018 17:43,<python><performance><nlp><nltk><tagged-corpus>
53582923,1,12/2/2018 17:43,<weka><arff>
53582924,1,12/2/2018 17:43,<react-native><react-native-camera>
53582926,2,12/2/2018 17:43,
53582927,2,12/2/2018 17:43,
53582929,1,12/2/2018 17:43,<.htaccess><mod-rewrite><query-string>
53582930,2,12/2/2018 17:43,
53582931,2,12/2/2018 17:43,
53582933,2,12/2/2018 17:44,
53582934,2,12/2/2018 17:44,
53582935,2,12/2/2018 17:44,
53582936,1,12/2/2018 17:44,<selenium><testng><testng-dataprovider>
53582937,1,12/2/2018 17:44,<r><statistics>
53582939,1,12/2/2018 17:44,<r><plot><symbols><flowchart>
53582941,2,12/2/2018 17:44,
53582942,2,12/2/2018 17:44,
53582943,1,12/2/2018 17:44,<windows><batch-file><command-line>
53582944,1,12/2/2018 17:45,<ruby-on-rails><vue.js><npm><yarnpkg><vuetify.js>
53582945,1,12/2/2018 17:45,<python><c++><cython>
53582946,2,12/2/2018 17:45,
53582948,1,12/2/2018 17:45,<linux><qt><qt-creator><openframeworks><fpic>
53582950,2,12/2/2018 17:46,
53582951,1,12/2/2018 17:46,<mongoose><mongoose-schema><mongoose-populate>
53582952,1,12/2/2018 17:46,<putty><ubuntu-16.10>
53582953,1,12/2/2018 17:46,<c#><asp.net-mvc><notifications><popup>
53582954,2,12/2/2018 17:46,
53582955,1,12/2/2018 17:46,<django><datetime>
53582957,1,12/2/2018 17:47,<java><android><mysql><android-studio>
53582958,1,12/2/2018 17:47,<wso2><wso2-am>
53582959,1,12/2/2018 17:47,<java><folder><file-read>
53582961,1,12/2/2018 17:47,<angular><typescript><ionic-framework><angular5>
53582962,1,12/2/2018 17:47,<node.js><dependencies><lodash>
53582963,1,12/2/2018 17:47,<apache><.htaccess><environment-variables><mod-access>
53582964,1,12/2/2018 17:47,<api><laravel-5><multilingual>
53582965,2,12/2/2018 17:47,
53582966,1,12/2/2018 17:47,<google-cloud-platform><google-bigquery>
53582967,1,12/2/2018 17:47,<python><python-3.x><csv><dictionary>
53582968,2,12/2/2018 17:47,
53582969,1,12/2/2018 17:47,<java><swing><jpanel><layout-manager><border-layout>
53582970,2,12/2/2018 17:48,
53582972,2,12/2/2018 17:48,
53582973,1,12/2/2018 17:49,<python><regex><pandas><dataframe>
53582974,2,12/2/2018 17:49,
53582975,2,12/2/2018 17:49,
53582979,1,12/2/2018 17:50,<ruby-on-rails-5><actioncable>
53582981,5,12/2/2018 17:50,
53582982,4,12/2/2018 17:50,
53582983,1,12/2/2018 17:50,<javascript><socket.io><webrtc>
53582984,1,12/2/2018 17:50,<sql><ms-access>
53582985,1,12/2/2018 17:50,<go><interface><channel>
53582986,1,12/2/2018 17:50,<php><debian><apache2>
53582987,2,12/2/2018 17:50,
53582988,2,12/2/2018 17:51,
53582989,2,12/2/2018 17:51,
53582990,1,12/2/2018 17:51,<unity3d-gui>
53582991,2,12/2/2018 17:51,
53582992,1,12/2/2018 17:51,<python-3.x><numpy><matplotlib>
53582993,1,12/2/2018 17:51,<javascript><html><css>
53582994,1,12/2/2018 17:51,<javascript><html><jsdom>
53582995,2,12/2/2018 17:51,
53582996,1,12/2/2018 17:52,<java><android><firebase><firebase-realtime-database>
53582997,1,12/2/2018 17:52,<scrapy><web-crawler>
53582998,1,12/2/2018 17:52,<python><python-3.x>
53583002,2,12/2/2018 17:53,
53583003,2,12/2/2018 17:53,
53583006,2,12/2/2018 17:53,
53583007,2,12/2/2018 17:53,
53583008,2,12/2/2018 17:53,
53583009,2,12/2/2018 17:53,
53583010,2,12/2/2018 17:53,
53583012,1,12/2/2018 17:54,<ios><swift><uitableview>
53583013,1,12/2/2018 17:54,<python><pandas><jupyter-notebook>
53583014,1,12/2/2018 17:54,<reactjs><typescript>
53583015,2,12/2/2018 17:54,
53583016,1,12/2/2018 17:54,<android><retrofit2>
53583018,2,12/2/2018 17:54,
53583020,1,12/2/2018 17:55,<node.js><reactjs><mocha><babel><create-react-app>
53583023,1,12/2/2018 17:55,<java><android>
53583024,2,12/2/2018 17:55,
53583025,2,12/2/2018 17:55,
53583026,1,12/2/2018 17:55,<javascript>
53583028,2,12/2/2018 17:56,
53583031,1,12/2/2018 17:56,<cassandra><group-by><cql>
53583032,1,12/2/2018 17:56,<c++><c><audio-streaming><gstreamer-1.0>
53583035,1,12/2/2018 17:57,<sql><oracle>
53583036,1,12/2/2018 17:57,<docker><redis><docker-compose>
53583037,2,12/2/2018 17:57,
53583039,1,12/2/2018 17:57,<c++><qt><plugins><photoshop>
53583040,2,12/2/2018 17:57,
53583042,1,12/2/2018 17:57,<android><msal><androidx><android-instant-run>
53583043,2,12/2/2018 17:57,
53583044,1,12/2/2018 17:58,<scala>
53583045,1,12/2/2018 17:58,<javascript><html><performance><iframe>
53583047,1,12/2/2018 17:58,<django><django-queryset>
53583048,1,12/2/2018 17:59,<ruby><chef><provisioning>
53583050,2,12/2/2018 17:59,
53583051,1,12/2/2018 17:59,<python><heroku><flask>
53583052,2,12/2/2018 17:59,
53583053,2,12/2/2018 17:59,
53583054,2,12/2/2018 17:59,
53583055,2,12/2/2018 18:00,
53583056,2,12/2/2018 18:00,
53583058,1,12/2/2018 18:00,<jquery><arrays><json>
53583059,1,12/2/2018 18:00,<python><pandas><beautifulsoup>
53583060,1,12/2/2018 18:00,<android>
53583061,2,12/2/2018 18:00,
53583062,2,12/2/2018 18:00,
53583063,1,12/2/2018 18:00,<javascript><html><css><onclick><navigation>
53583065,2,12/2/2018 18:01,
53583066,2,12/2/2018 18:01,
53583067,1,12/2/2018 18:01,<elixir><phoenix-framework><plug><guardian>
53583068,2,12/2/2018 18:01,
53583070,1,12/2/2018 18:01,<c#><asp.net-core>
53583071,2,12/2/2018 18:01,
53583072,1,12/2/2018 18:01,<c>
53583073,1,12/2/2018 18:01,<list><performance><haskell>
53583074,2,12/2/2018 18:01,
53583075,1,12/2/2018 18:01,<ruby-on-rails><ruby><forms><mechanize>
53583076,1,12/2/2018 18:01,<python><sockets>
53583079,2,12/2/2018 18:02,
53583080,1,12/2/2018 18:02,<php><jquery><ajax><wordpress><woocommerce>
53583081,2,12/2/2018 18:02,
53583082,1,12/2/2018 18:02,<unity3d><uwp><hololens><hololens-emulator>
53583083,2,12/2/2018 18:02,
53583085,2,12/2/2018 18:02,
53583086,2,12/2/2018 18:02,
53583088,1,12/2/2018 18:03,<arrays><tree><binary-search-tree><toarray>
53583089,1,12/2/2018 18:03,<python><aws-lambda><snowflake>
53583090,1,12/2/2018 18:03,<android><h.264>
53583091,1,12/2/2018 18:03,<html><css>
53583093,1,12/2/2018 18:03,<javascript><arrays><function><binary>
53583094,1,12/2/2018 18:03,<ruby-on-rails><ruby>
53583095,1,12/2/2018 18:03,<squid>
53583097,1,12/2/2018 18:04,<node.js><mongodb><api><express><mongoose>
53583098,1,12/2/2018 18:04,<javascript><html5><html5-canvas>
53583099,1,12/2/2018 18:04,<c><crc>
53583100,2,12/2/2018 18:04,
53583101,1,12/2/2018 18:04,<php><jquery><mysql><ajax>
53583102,1,12/2/2018 18:04,<vue.js><vuejs2><v-select>
53583103,2,12/2/2018 18:04,
53583105,2,12/2/2018 18:05,
53583107,2,12/2/2018 18:05,
53583108,1,12/2/2018 18:05,<arrays><python-3.x><numpy>
53583109,1,12/2/2018 18:05,<node.js><async-await><aws-lambda><es6-promise><netlify>
53583111,1,12/2/2018 18:05,<python><pandas><datetime><dataframe><multi-index>
53583112,2,12/2/2018 18:05,
53583114,1,12/2/2018 18:06,<java><dependency-injection><provider><classnotfound>
53583117,1,12/2/2018 18:06,<batch-file>
53583118,2,12/2/2018 18:07,
53583119,1,12/2/2018 18:07,<arrays><python-3.x><numpy><numpy-ndarray>
53583120,2,12/2/2018 18:07,
53583121,2,12/2/2018 18:07,
53583122,1,12/2/2018 18:07,<python><python-3.x>
53583123,1,12/2/2018 18:07,<r>
53583124,2,12/2/2018 18:07,
53583125,2,12/2/2018 18:07,
53583128,1,12/2/2018 18:07,<node.js><postgresql><knex.js>
53583129,1,12/2/2018 18:07,<python>
53583130,2,12/2/2018 18:07,
53583132,2,12/2/2018 18:08,
53583133,2,12/2/2018 18:08,
53583134,2,12/2/2018 18:08,
53583135,2,12/2/2018 18:08,
53583136,2,12/2/2018 18:08,
53583137,1,12/2/2018 18:08,<c>
53583138,1,12/2/2018 18:08,<java><multithreading><sockets><datamodel>
53583139,1,12/2/2018 18:08,<node.js><sockets>
53583140,1,12/2/2018 18:08,<php><swift>
53583141,1,12/2/2018 18:08,<hybris>
53583144,1,12/2/2018 18:08,<angular><algolia><instantsearch.js><instantsearch>
53583146,1,12/2/2018 18:09,<c#><jquery><asp.net><gridview><telerik>
53583147,1,12/2/2018 18:09,<c#><azure><twilio><azure-functions>
53583148,2,12/2/2018 18:09,
53583150,2,12/2/2018 18:09,
53583151,1,12/2/2018 18:10,<postgresql><group-by><sql-order-by><distinct><plpgsql>
53583152,1,12/2/2018 18:10,<java><image><extract><pdfbox>
53583153,1,12/2/2018 18:10,<active-directory><azure-active-directory><microsoft-graph>
53583154,2,12/2/2018 18:10,
53583155,2,12/2/2018 18:10,
53583156,1,12/2/2018 18:10,<symfony><console><doctrine>
53583157,2,12/2/2018 18:10,
53583158,2,12/2/2018 18:11,
53583160,1,12/2/2018 18:11,<javascript><reactjs>
53583161,2,12/2/2018 18:11,
53583162,2,12/2/2018 18:11,
53583163,1,12/2/2018 18:11,<html><import-from-excel>
53583165,1,12/2/2018 18:12,<python-3.x><pandas>
53583167,1,12/2/2018 18:12,<function><arduino><interrupt>
53583169,1,12/2/2018 18:12,<c><sockets><network-programming><webserver>
53583170,2,12/2/2018 18:12,
53583171,2,12/2/2018 18:13,
53583172,1,12/2/2018 18:13,<android><firebase><google-cloud-firestore><firebase-storage>
53583173,1,12/2/2018 18:13,<jquery><html>
53583174,2,12/2/2018 18:13,
53124160,2,11/2/2018 18:39,
53124161,2,11/2/2018 18:40,
53124162,2,11/2/2018 18:40,
53124163,2,11/2/2018 18:40,
53124165,2,11/2/2018 18:40,
53124166,1,11/2/2018 18:40,<asp.net-mvc><imagesharp>
53124167,1,11/2/2018 18:40,<c><pthreads><mutex>
53124168,2,11/2/2018 18:40,
53124169,2,11/2/2018 18:40,
53124170,1,11/2/2018 18:40,<c++><templates><sfinae><enable-if>
53124171,2,11/2/2018 18:40,
53124173,2,11/2/2018 18:40,
53124175,1,11/2/2018 18:40,<android><android-studio>
53124176,2,11/2/2018 18:40,
53124177,1,11/2/2018 18:40,<linux><bash><shell><scripting>
53124178,2,11/2/2018 18:41,
53124179,1,11/2/2018 18:41,<amazon-web-services><amazon-s3><amazon-ses><amazon-policy>
53124180,1,11/2/2018 18:41,<javascript><jquery><arrays>
53124181,2,11/2/2018 18:41,
53124183,2,11/2/2018 18:41,
53124185,2,11/2/2018 18:41,
53124186,1,11/2/2018 18:42,<sql-server-express><localdb>
53124187,1,11/2/2018 18:42,<angular><angular-material>
53124188,1,11/2/2018 18:42,<uml><jhipster><dsl><jdl>
53124189,1,11/2/2018 18:42,<.net><.net-core><command-line-interface>
53124190,1,11/2/2018 18:42,<visual-studio><visual-studio-2017>
53124191,1,11/2/2018 18:42,<javascript>
53124192,1,11/2/2018 18:42,<javascript><ajax>
53124194,2,11/2/2018 18:42,
53124195,2,11/2/2018 18:43,
53124196,2,11/2/2018 18:43,
53124197,2,11/2/2018 18:43,
53124198,1,11/2/2018 18:43,<vim><ex>
53124200,1,11/2/2018 18:43,<python><igraph>
53124201,2,11/2/2018 18:43,
53124202,2,11/2/2018 18:43,
53124204,2,11/2/2018 18:43,
53124205,1,11/2/2018 18:43,<c++>
53124206,2,11/2/2018 18:43,
53124207,2,11/2/2018 18:43,
53124208,2,11/2/2018 18:43,
53124209,2,11/2/2018 18:43,
53124210,2,11/2/2018 18:43,
53124211,1,11/2/2018 18:43,<django><django-models>
53124214,1,11/2/2018 18:43,<ruby-on-rails-5>
53124215,2,11/2/2018 18:43,
53124217,1,11/2/2018 18:43,<javascript><html><selenium><selenium-webdriver>
53124218,2,11/2/2018 18:43,
53124219,2,11/2/2018 18:43,
53124220,2,11/2/2018 18:43,
53124221,1,11/2/2018 18:43,<python><sql><sql-server><python-3.x>
53124223,2,11/2/2018 18:43,
53124224,2,11/2/2018 18:44,
53124226,2,11/2/2018 18:44,
53124229,1,11/2/2018 18:44,<c#><html>
53124230,2,11/2/2018 18:44,
53124231,1,11/2/2018 18:44,<python><pywinauto><python-3.7>
53124232,2,11/2/2018 18:44,
53124233,2,11/2/2018 18:44,
53124234,2,11/2/2018 18:44,
53124235,1,11/2/2018 18:45,<python><google-cloud-functions><google-sheets-api><google-oauth2><google-api-python-client>
53124236,1,11/2/2018 18:45,<python><html><selenium><checkbox><html-table>
53124237,2,11/2/2018 18:45,
53124238,2,11/2/2018 18:45,
53124239,2,11/2/2018 18:45,
53124240,2,11/2/2018 18:45,
53124244,2,11/2/2018 18:45,
53124245,2,11/2/2018 18:45,
53583175,1,12/2/2018 18:13,<c>
53583177,2,12/2/2018 18:13,
53583178,2,12/2/2018 18:13,
53583180,2,12/2/2018 18:14,
53583181,2,12/2/2018 18:14,
53583183,1,12/2/2018 18:14,<node.js>
53583184,2,12/2/2018 18:15,
53583185,1,12/2/2018 18:15,<javascript><node.js>
53583186,2,12/2/2018 18:15,
53583187,1,12/2/2018 18:15,<java><arrays>
53583188,2,12/2/2018 18:15,
53583189,1,12/2/2018 18:15,<java><audio>
53583190,2,12/2/2018 18:15,
53583191,1,12/2/2018 18:15,<c#><c><makefile>
53583192,1,12/2/2018 18:15,<java><mongodb><spring-boot>
53583193,2,12/2/2018 18:15,
53583195,1,12/2/2018 18:16,<windows><windows-10><registry>
53583197,2,12/2/2018 18:16,
53583198,2,12/2/2018 18:16,
53583199,1,12/2/2018 18:16,<java><python><macos><apache-spark><pyspark>
53583200,2,12/2/2018 18:16,
53583202,2,12/2/2018 18:17,
53583203,1,12/2/2018 18:17,<c>
53583204,2,12/2/2018 18:17,
53583205,1,12/2/2018 18:17,<android><ontouchevent><long-press>
53583206,2,12/2/2018 18:17,
53583207,2,12/2/2018 18:17,
53583208,1,12/2/2018 18:17,<mysql><sql><database>
53583209,2,12/2/2018 18:17,
53583210,2,12/2/2018 18:18,
53583212,1,12/2/2018 18:18,<javascript>
53583213,1,12/2/2018 18:18,<c#><sql-server>
53583214,1,12/2/2018 18:18,<python><parsing><elasticsearch><indexing><mapping>
53583215,2,12/2/2018 18:18,
53583216,1,12/2/2018 18:18,<python><pandas>
53583218,2,12/2/2018 18:18,
53583219,1,12/2/2018 18:18,<jquery><button><datatables><paging>
53583221,1,12/2/2018 18:19,<java><database><postgresql><hibernate>
53583222,1,12/2/2018 18:19,<database><performance><database-design><model>
53583223,2,12/2/2018 18:19,
53583224,2,12/2/2018 18:19,
53583225,2,12/2/2018 18:19,
53583227,1,12/2/2018 18:19,<c++><arrays><vector>
53583228,2,12/2/2018 18:19,
53583229,1,12/2/2018 18:19,<mongodb>
53583230,1,12/2/2018 18:19,<vue.js><vuejs2><flickr>
53583231,1,12/2/2018 18:19,<xamarin><xamarin.android>
53583233,1,12/2/2018 18:20,<python><google-app-engine><flask><google-cloud-platform>
53583234,2,12/2/2018 18:20,
53583235,1,12/2/2018 18:20,<random-forest><h2o>
53583236,1,12/2/2018 18:20,<salt-stack>
53583238,2,12/2/2018 18:20,
53583239,2,12/2/2018 18:20,
53583240,2,12/2/2018 18:20,
53583241,2,12/2/2018 18:21,
53583242,1,12/2/2018 18:21,<html><css><html5><css3><flexbox>
53583244,2,12/2/2018 18:21,
53583245,2,12/2/2018 18:22,
53583246,1,12/2/2018 18:22,<audio><noise-reduction><whitenoise>
53583248,2,12/2/2018 18:22,
53583249,1,12/2/2018 18:22,<php><apache><xampp>
53583250,2,12/2/2018 18:22,
53583251,2,12/2/2018 18:22,
53583253,1,12/2/2018 18:22,<angular><authentication><local-storage>
53583255,1,12/2/2018 18:22,<python><image><algorithm><numpy><seam-carving>
53583256,1,12/2/2018 18:23,<prolog>
53583257,1,12/2/2018 18:23,<postgresql>
53583258,2,12/2/2018 18:23,
53583259,2,12/2/2018 18:23,
53583261,1,12/2/2018 18:23,<html><.net><webbrowser-control>
53583263,1,12/2/2018 18:23,<c><arrays><pointers>
53583264,1,12/2/2018 18:23,<python><statistics><probability>
53583265,1,12/2/2018 18:24,<regex><apache><.htaccess><url-rewriting>
53583268,2,12/2/2018 18:24,
53583269,2,12/2/2018 18:24,
53583270,1,12/2/2018 18:24,<java><user-interface><netbeans><action><mouse>
53583271,2,12/2/2018 18:24,
53583273,2,12/2/2018 18:24,
53583274,2,12/2/2018 18:25,
53583275,2,12/2/2018 18:25,
53583276,2,12/2/2018 18:25,
53583277,1,12/2/2018 18:25,<swift><iequatable><hashable>
53583278,2,12/2/2018 18:25,
53583279,2,12/2/2018 18:25,
53583280,1,12/2/2018 18:25,<ruby><chef><chef-run><chef-workstation>
53583281,1,12/2/2018 18:25,<mongodb><nosql>
53583283,1,12/2/2018 18:26,<unity3d><deobfuscation>
53583284,1,12/2/2018 18:26,<java><taphold>
53583285,1,12/2/2018 18:26,<java>
53583286,1,12/2/2018 18:26,<c++><visual-studio><unit-testing><cmake>
53583287,1,12/2/2018 18:26,<android><firebase><firebase-realtime-database>
53583288,1,12/2/2018 18:26,<reactjs><docker><docker-compose>
53583289,2,12/2/2018 18:26,
53583291,2,12/2/2018 18:27,
53583293,1,12/2/2018 18:27,<scala><apache-spark><apache-spark-sql>
53583294,2,12/2/2018 18:27,
53583296,1,12/2/2018 18:28,<javascript><php><html><node.js><html5>
53583297,2,12/2/2018 18:28,
53583298,2,12/2/2018 18:28,
53583299,2,12/2/2018 18:28,
53583300,2,12/2/2018 18:28,
53583301,1,12/2/2018 18:28,<c++>
53583302,2,12/2/2018 18:28,
53583304,2,12/2/2018 18:28,
53583305,2,12/2/2018 18:28,
53583308,2,12/2/2018 18:29,
53583309,2,12/2/2018 18:29,
53583310,2,12/2/2018 18:29,
53583311,2,12/2/2018 18:29,
53583312,2,12/2/2018 18:29,
53583314,2,12/2/2018 18:30,
53583315,1,12/2/2018 18:30,<r>
53583316,2,12/2/2018 18:30,
53583317,2,12/2/2018 18:30,
53583318,1,12/2/2018 18:30,<matlab><dct>
53583319,2,12/2/2018 18:30,
53583321,2,12/2/2018 18:31,
53583322,1,12/2/2018 18:31,<python><calendar>
53583323,2,12/2/2018 18:31,
53583324,2,12/2/2018 18:31,
53583325,2,12/2/2018 18:31,
53583326,1,12/2/2018 18:31,<pyspark>
53583327,2,12/2/2018 18:31,
53583328,1,12/2/2018 18:31,<sql><sql-server><probability>
53583330,1,12/2/2018 18:31,<c++><windows><visual-studio><wdk><rc>
53583332,1,12/2/2018 18:31,<rust>
53583333,2,12/2/2018 18:31,
53583334,2,12/2/2018 18:32,
53583335,2,12/2/2018 18:32,
53583337,1,12/2/2018 18:32,<javascript><css3><canvas><crop><trim>
53583338,2,12/2/2018 18:32,
53583339,1,12/2/2018 18:32,<javascript><css><reactjs><image><asynchronous>
53583340,1,12/2/2018 18:32,<android><mobile><google-form>
53583341,1,12/2/2018 18:32,<python-3.x><networkx><osmnx>
53583342,1,12/2/2018 18:33,<laravel-5.5><permission-denied>
53583343,1,12/2/2018 18:33,<reactjs><redux><redux-persist>
53583345,2,12/2/2018 18:33,
53583347,1,12/2/2018 18:33,<maven><tomcat8><webdeploy>
53583348,1,12/2/2018 18:33,<javascript><html>
53583349,2,12/2/2018 18:33,
53583350,2,12/2/2018 18:33,
53583351,2,12/2/2018 18:33,
53583352,1,12/2/2018 18:33,<ios><swift><notifications><location>
53583353,1,12/2/2018 18:34,<java><recursion>
53583355,2,12/2/2018 18:34,
53583356,1,12/2/2018 18:34,<javascript><jquery>
53583358,1,12/2/2018 18:34,<apache><mod-rewrite><url-rewriting>
53583359,2,12/2/2018 18:34,
53583361,2,12/2/2018 18:35,
53583362,2,12/2/2018 18:35,
53583363,1,12/2/2018 18:35,<python><django><django-templates>
53583364,2,12/2/2018 18:35,
53583366,2,12/2/2018 18:36,
53583369,1,12/2/2018 18:36,<java><android><spring><spring-boot><retrofit2>
53583370,2,12/2/2018 18:36,
53583372,1,12/2/2018 18:37,<svg><vue.js>
53583373,1,12/2/2018 18:37,<azure><authentication><web><azure-active-directory><adfs>
53583374,1,12/2/2018 18:37,<ruby><scrapinghub>
53583378,1,12/2/2018 18:37,<algorithm><graph><graph-algorithm><depth-first-search>
53583380,2,12/2/2018 18:38,
53583381,2,12/2/2018 18:38,
53583382,2,12/2/2018 18:38,
53583384,2,12/2/2018 18:38,
53583385,1,12/2/2018 18:38,<python><dictionary><key-value><pop>
53583387,1,12/2/2018 18:38,<c#><entity-framework><entity-framework-core>
53583388,2,12/2/2018 18:38,
53583389,1,12/2/2018 18:38,<postfix-mta><procmail>
53583390,1,12/2/2018 18:38,<javascript><arrays><copy>
53583392,1,12/2/2018 18:38,<c#><image><xamarin>
53583393,1,12/2/2018 18:39,<c#><multithreading><task-parallel-library>
53583394,1,12/2/2018 18:39,<javascript><jquery><html><express><redirect>
53583395,2,12/2/2018 18:39,
53583396,1,12/2/2018 18:39,<java><spring><spring-boot>
53583397,1,12/2/2018 18:39,<c#><asp.net><.net><asp.net-mvc><cookies>
53583398,2,12/2/2018 18:39,
53583400,2,12/2/2018 18:39,
53583401,2,12/2/2018 18:40,
53583402,1,12/2/2018 18:40,<java><android>
53583403,2,12/2/2018 18:40,
53583404,2,12/2/2018 18:40,
53583405,2,12/2/2018 18:40,
53583407,1,12/2/2018 18:40,<wordpress><user-interface><webpage><wixcode><jotform>
53583409,1,12/2/2018 18:40,<excel><vba><advanced-filter>
53583410,1,12/2/2018 18:41,<c#><linux><.net-core>
53583411,1,12/2/2018 18:41,<android><android-toolbar>
53583412,1,12/2/2018 18:41,<sql>
53583413,1,12/2/2018 18:41,<scheme><racket>
53583414,1,12/2/2018 18:41,<javascript><d3.js>
53583415,2,12/2/2018 18:41,
53583416,2,12/2/2018 18:41,
53583418,1,12/2/2018 18:41,<c#><.net><datetime>
53583419,1,12/2/2018 18:41,<c#><sql-server><visual-studio><textbox><sql-update>
53583420,1,12/2/2018 18:41,<javascript><ios><node.js>
53583421,2,12/2/2018 18:42,
53583423,1,12/2/2018 18:42,<xamarin><xamarin.forms><.net-standard-2.0>
53583424,1,12/2/2018 18:42,<python><python-3.x>
53583425,1,12/2/2018 18:42,<visual-studio-code>
53583427,2,12/2/2018 18:42,
53583430,2,12/2/2018 18:42,
53583431,1,12/2/2018 18:43,<matlab><binaryfiles>
53583432,1,12/2/2018 18:43,<c++><arrays><random><arr>
53583434,2,12/2/2018 18:43,
53583435,2,12/2/2018 18:43,
53583436,1,12/2/2018 18:43,<typescript><angular7>
53583437,2,12/2/2018 18:43,
53583438,2,12/2/2018 18:43,
53583439,2,12/2/2018 18:44,
53583440,2,12/2/2018 18:44,
53583441,1,12/2/2018 18:44,<java><caching><redis><redisson>
53583442,1,12/2/2018 18:44,<arrays><r><for-loop><matrix>
53583443,2,12/2/2018 18:44,
53583444,2,12/2/2018 18:44,
53583445,2,12/2/2018 18:44,
53583446,1,12/2/2018 18:44,<.net-core><base64><postman>
53583447,1,12/2/2018 18:44,<saml><opensaml>
53583448,2,12/2/2018 18:44,
53583449,2,12/2/2018 18:45,
53583450,1,12/2/2018 18:45,<java><animation><javafx><fxml>
53583451,2,12/2/2018 18:45,
53583456,1,12/2/2018 18:46,<tensorflow-datasets>
53583457,1,12/2/2018 18:46,<scheme><lisp><racket>
53583459,1,12/2/2018 18:46,<android><webview>
53583460,1,12/2/2018 18:46,<python-3.x><unit-conversion><pint>
53583461,2,12/2/2018 18:47,
53583462,2,12/2/2018 18:47,
53583463,1,12/2/2018 18:47,<r><dplyr><grouping>
53583464,1,12/2/2018 18:47,<ruby-on-rails><chatbot>
53583465,1,12/2/2018 18:47,<c#><sql-server><ado.net>
53583466,1,12/2/2018 18:47,<android>
53583467,2,12/2/2018 18:48,
53583469,1,12/2/2018 18:48,<laravel><eloquent><filtering>
53583471,2,12/2/2018 18:48,
53583473,2,12/2/2018 18:48,
53583474,2,12/2/2018 18:48,
53583475,2,12/2/2018 18:48,
53583476,2,12/2/2018 18:48,
53583477,2,12/2/2018 18:49,
53583478,2,12/2/2018 18:49,
53583479,1,12/2/2018 18:50,<javascript>
53583480,1,12/2/2018 18:50,<c#><label><text-files>
53583481,1,12/2/2018 18:50,<c#><unity3d>
53583482,2,12/2/2018 18:50,
53583484,2,12/2/2018 18:50,
53583485,1,12/2/2018 18:51,<azure><azure-vm-scale-set>
53583486,2,12/2/2018 18:51,
53583487,1,12/2/2018 18:51,<java><javac><processbuilder>
53583488,1,12/2/2018 18:51,<haskell>
53583489,2,12/2/2018 18:51,
53583490,1,12/2/2018 18:51,<amazon-web-services><amazon-ec2><amazon-elastic-beanstalk>
53583492,1,12/2/2018 18:51,<google-drive-sdk>
53583493,1,12/2/2018 18:52,<json><java-8><org.json>
53583494,2,12/2/2018 18:52,
53583495,1,12/2/2018 18:52,<javascript><angularjs><package>
53583496,1,12/2/2018 18:52,<html5>
53583497,2,12/2/2018 18:52,
53583498,1,12/2/2018 18:52,<html5><.htaccess><url-rewriting><pushstate>
53583499,2,12/2/2018 18:53,
53583500,2,12/2/2018 18:53,
53583501,2,12/2/2018 18:53,
53583502,2,12/2/2018 18:53,
53583503,1,12/2/2018 18:53,<python><numpy><datapersistance>
53583505,2,12/2/2018 18:53,
53583506,2,12/2/2018 18:53,
53583507,1,12/2/2018 18:53,<sql><insert-update>
53583508,2,12/2/2018 18:53,
53583511,2,12/2/2018 18:53,
53583512,2,12/2/2018 18:54,
53583513,1,12/2/2018 18:54,<javascript><python><google-chrome-extension>
53583514,1,12/2/2018 18:54,<wordpress><custom-post-type><permalinks><slug>
53583515,2,12/2/2018 18:54,
53583517,2,12/2/2018 18:55,
53583518,2,12/2/2018 18:55,
53583520,2,12/2/2018 18:55,
53583523,2,12/2/2018 18:55,
53583524,2,12/2/2018 18:55,
53583525,1,12/2/2018 18:56,<arrays><pointers><access>
53583528,1,12/2/2018 18:56,<ios><swift>
53583529,1,12/2/2018 18:56,<html><angular><angular6><angular-reactive-forms><angular-validation>
53583531,2,12/2/2018 18:56,
53583532,1,12/2/2018 18:56,<angular><typescript>
53124246,1,11/2/2018 18:45,<ada><gnat><gprbuild>
53124248,1,11/2/2018 18:45,<javascript><jestjs><puppeteer>
53124252,5,11/2/2018 18:46,
53124253,4,11/2/2018 18:46,
53124254,2,11/2/2018 18:46,
53124255,1,11/2/2018 18:46,<java><apache-kafka>
53124256,1,11/2/2018 18:46,<xslt-1.0><xslt-2.0>
53124257,1,11/2/2018 18:46,<regex><perl>
53124258,2,11/2/2018 18:46,
53124259,2,11/2/2018 18:46,
53124260,2,11/2/2018 18:46,
53124261,1,11/2/2018 18:46,<javascript><reactjs><react-native>
53124262,1,11/2/2018 18:47,<python><django><model>
53124263,1,11/2/2018 18:47,<r><r-markdown>
53124264,2,11/2/2018 18:47,
53124265,2,11/2/2018 18:47,
53124267,2,11/2/2018 18:47,
53124268,1,11/2/2018 18:47,<php><css><wordpress>
53124269,2,11/2/2018 18:47,
53124270,1,11/2/2018 18:47,<c#><jquery><asp.net-mvc><jqgrid>
53124273,1,11/2/2018 18:48,<php><python><html>
53124274,1,11/2/2018 18:48,<ios><ios-provisioning><ios-app-signing>
53124276,1,11/2/2018 18:48,<api><firefox><instagram><captcha><instagram-api>
53583535,1,12/2/2018 18:56,<javascript><jupyter-notebook><azure-active-directory><azure-notebooks><jupyter-contrib-nbextensions>
53583536,2,12/2/2018 18:56,
53583537,1,12/2/2018 18:56,<zsh><windows-subsystem-for-linux><conemu><cmder>
53583538,1,12/2/2018 18:56,<android><android-studio><build.gradle><android-manifest>
53583539,2,12/2/2018 18:57,
53583540,2,12/2/2018 18:57,
53583541,2,12/2/2018 18:57,
53583543,1,12/2/2018 18:57,<c#><asp.net>
53583544,2,12/2/2018 18:57,
53583545,1,12/2/2018 18:57,<jax-ws><custom-object>
53583546,2,12/2/2018 18:57,
53583547,1,12/2/2018 18:57,<android><wifi-direct><wifip2p>
53583548,2,12/2/2018 18:57,
53583549,2,12/2/2018 18:57,
53583550,1,12/2/2018 18:57,<c++><random><simd>
53583551,1,12/2/2018 18:58,<java><jersey-client>
53583555,1,12/2/2018 18:58,<mysql><user-variables>
53583557,1,12/2/2018 18:58,<mysql><jointable>
53124277,1,11/2/2018 18:48,<graph-theory><cycle><directed-acyclic-graphs><equivalence>
53124278,2,11/2/2018 18:48,
53124280,1,11/2/2018 18:48,<kotlin><gson><arrow-kt>
53124281,2,11/2/2018 18:48,
53124282,2,11/2/2018 18:48,
53124283,2,11/2/2018 18:48,
53124284,2,11/2/2018 18:48,
53124286,1,11/2/2018 18:48,<java><observable><rx-java2>
53124287,2,11/2/2018 18:49,
53124288,2,11/2/2018 18:49,
53124289,1,11/2/2018 18:49,<java><android><json><android-asynctask>
53124290,2,11/2/2018 18:49,
53124292,2,11/2/2018 18:49,
53124293,1,11/2/2018 18:49,<elixir><cowboy><plug>
53124294,1,11/2/2018 18:49,<nginx><kubernetes><google-kubernetes-engine><kubernetes-ingress>
53124295,2,11/2/2018 18:49,
53124296,1,11/2/2018 18:49,<python><python-3.x><python-unicode>
53124297,2,11/2/2018 18:50,
53124298,2,11/2/2018 18:50,
53124299,2,11/2/2018 18:50,
53124300,1,11/2/2018 18:50,<mysql><node.js><express><sequelize.js>
53124301,1,11/2/2018 18:50,<node.js><typescript><docker><webstorm>
53124302,1,11/2/2018 18:50,<google-apps-script><google-sheets>
53124303,1,11/2/2018 18:50,<ansible><ansible-2.x><audit><winrm><ansible-facts>
53124304,1,11/2/2018 18:50,<python><pandas>
53124309,1,11/2/2018 18:50,<reactjs><yarnpkg>
53124311,1,11/2/2018 15:13,<networking><kernel><network-interface><netfilter>
53124314,2,11/2/2018 16:07,
53124315,1,11/2/2018 18:51,<c><tcpclient><c99>
53124316,1,11/2/2018 18:51,<r><r-raster>
53124317,1,11/2/2018 18:51,<python><python-3.x><multithreading>
53124319,1,11/2/2018 18:51,<python><pandas><timestamp>
53124320,2,11/2/2018 18:51,
53124322,2,11/2/2018 18:51,
53124323,2,11/2/2018 18:51,
53124325,2,11/2/2018 18:52,
53124327,2,11/2/2018 18:52,
53124329,2,11/2/2018 18:52,
53124330,1,11/2/2018 18:52,<php><ajax>
53124331,2,11/2/2018 18:52,
53124332,2,11/2/2018 18:52,
53124333,2,11/2/2018 18:53,
53124334,2,11/2/2018 18:53,
53124335,1,11/2/2018 18:53,<java><nginx><spring-webflux>
53124336,2,11/2/2018 18:53,
53124339,1,11/2/2018 18:53,<rest><api><express><trello>
53124340,2,11/2/2018 18:53,
53124341,1,11/2/2018 18:53,<python><mysql><flask>
53124343,2,11/2/2018 18:53,
53124344,2,11/2/2018 18:54,
53124346,2,11/2/2018 18:54,
53124347,2,11/2/2018 18:54,
53124348,2,11/2/2018 18:54,
53124349,1,11/2/2018 18:54,<ruby-on-rails><ruby><bunny>
53124350,2,11/2/2018 18:54,
53124351,1,11/2/2018 18:54,<jquery><html><slider>
53124353,2,11/2/2018 18:55,
53124354,1,11/2/2018 18:55,<vue.js><webpack><vue-cli><webp><vue-cli-3>
53124355,1,11/2/2018 18:55,<react-native>
53124356,2,11/2/2018 18:55,
53124359,1,11/2/2018 18:55,<javascript><jquery><web-developer-toolbar>
53124360,2,11/2/2018 18:55,
53124362,2,11/2/2018 18:55,
53124363,1,11/2/2018 18:55,<security><assembly><x86><reverse-engineering><malware>
53124364,2,11/2/2018 18:55,
53124365,1,11/2/2018 18:56,<c#><html><arrays><selenium><webdriver>
53124367,2,11/2/2018 18:56,
53124368,1,11/2/2018 18:56,<javascript><mongodb><function><procedure>
53583558,2,12/2/2018 18:58,
53583559,1,12/2/2018 18:59,<php><mysql>
53583560,2,12/2/2018 18:59,
53583561,1,12/2/2018 18:59,<ios><objective-c><dns><jailbreak><dnsmasq>
53583562,2,12/2/2018 18:59,
53583563,1,12/2/2018 18:59,<ios><swift><uitableview>
53583565,1,12/2/2018 18:59,<docker><graylog2><graylog>
53583566,2,12/2/2018 18:59,
53583567,2,12/2/2018 18:59,
53583568,2,12/2/2018 18:59,
53583570,1,12/2/2018 19:00,<oracle><plsql>
53583571,2,12/2/2018 19:01,
53583572,2,12/2/2018 19:01,
53583573,2,12/2/2018 19:01,
53583574,1,12/2/2018 19:01,<matlab><subset>
53583575,2,12/2/2018 19:01,
53583576,2,12/2/2018 19:02,
53583577,2,12/2/2018 19:02,
53583578,1,12/2/2018 19:02,<javascript><reactjs><webpack>
53583579,1,12/2/2018 19:02,<matlab><symbolic-math>
53583580,2,12/2/2018 19:02,
53583581,2,12/2/2018 19:02,
53583582,2,12/2/2018 19:02,
53583583,2,12/2/2018 19:02,
53583584,2,12/2/2018 19:03,
53583585,1,12/2/2018 19:03,<jquery><drupal-8><debounce>
53583586,1,12/2/2018 19:03,<merge><upgrade><openjpa><aries>
53583587,2,12/2/2018 19:03,
53583588,1,12/2/2018 19:03,<c++>
53583589,1,12/2/2018 19:03,<html><css><twitter-bootstrap>
53583590,1,12/2/2018 19:03,<java><agents-jade>
53583591,2,12/2/2018 19:03,
53583592,2,12/2/2018 19:03,
53583593,1,12/2/2018 19:03,<swift><xcode><colors><uicolor><xcasset>
53583595,2,12/2/2018 19:04,
53583596,1,12/2/2018 19:04,<python><python-3.x>
53583597,1,12/2/2018 19:04,<c++><split><arduino>
53583598,2,12/2/2018 19:04,
53583599,2,12/2/2018 19:04,
53583600,2,12/2/2018 19:04,
53583601,2,12/2/2018 19:05,
53583602,2,12/2/2018 19:05,
53583603,2,12/2/2018 19:05,
53583604,2,12/2/2018 19:05,
53583605,1,12/2/2018 19:05,<opendaylight>
53583608,1,12/2/2018 19:05,<angular><typescript>
53583609,2,12/2/2018 19:06,
53583610,1,12/2/2018 19:06,<javascript><node.js><unit-testing><jestjs>
53583611,1,12/2/2018 19:06,<python><cron>
53583612,1,12/2/2018 19:06,<c><computer-science>
53583613,2,12/2/2018 19:06,
53583614,2,12/2/2018 19:06,
53583616,1,12/2/2018 19:06,<php><parsing>
53583617,1,12/2/2018 19:07,<google-apps-script><google-sheets><custom-function>
53583619,2,12/2/2018 19:07,
53583620,2,12/2/2018 19:07,
53583621,1,12/2/2018 19:07,<python-3.x><duplicates><text-extraction>
53583622,2,12/2/2018 19:07,
53583623,2,12/2/2018 19:07,
53583624,2,12/2/2018 19:07,
53583626,2,12/2/2018 19:08,
53583627,1,12/2/2018 19:08,<swift><grand-central-dispatch><nsurlsession>
53583628,2,12/2/2018 19:08,
53583630,2,12/2/2018 19:08,
53583631,1,12/2/2018 19:08,<java><vbscript>
53583632,1,12/2/2018 19:09,<youtube><youtube-data-api><youtube-api-v3><youtube-javascript-api>
53583633,1,12/2/2018 19:09,<airflow>
53583634,1,12/2/2018 19:09,<c++><template-specialization><template-classes>
53583635,1,12/2/2018 19:09,<php><html><session-cookies>
53583636,2,12/2/2018 19:09,
53583637,2,12/2/2018 19:09,
53583640,1,12/2/2018 19:10,<swift><cagradientlayer>
53583641,1,12/2/2018 19:10,<r><string>
53583642,2,12/2/2018 19:10,
53583644,1,12/2/2018 19:10,<schemacrawler>
53124369,1,11/2/2018 18:56,<php><regex>
53124370,1,11/2/2018 18:56,<azure-search>
53124372,1,11/2/2018 18:56,<visual-studio-code><vscode-extensions>
53124373,1,11/2/2018 18:56,<sass>
53124374,1,11/2/2018 18:56,<smtp><localhost><phpmailer>
53124375,1,11/2/2018 18:56,<python><matplotlib><time-series>
53124377,2,11/2/2018 18:57,
53124378,1,11/2/2018 18:57,<android><kotlin><subdirectory><android-fileprovider>
53124379,2,11/2/2018 18:57,
53124380,2,11/2/2018 18:57,
53124382,2,11/2/2018 18:57,
53124383,2,11/2/2018 18:57,
53124384,1,11/2/2018 18:57,<javascript><object-literal>
53124385,2,11/2/2018 18:57,
53124386,1,11/2/2018 18:58,<google-analytics><google-tag-manager><data-layers>
53124388,2,11/2/2018 18:58,
53124389,1,11/2/2018 18:58,<sql-server><android-studio>
53124390,1,11/2/2018 18:58,<android><android-sqlite><android-architecture-components><android-workmanager>
53124391,2,11/2/2018 18:58,
53124392,1,11/2/2018 18:58,<c#><asp.net-core-mvc><asp.net-core-2.0><asp.net-core-webapi>
53124393,1,11/2/2018 18:58,<css>
53124394,2,11/2/2018 18:58,
53124395,2,11/2/2018 18:58,
53124397,1,11/2/2018 18:58,<maps><arcgis><arcgis-js-api><custom-widgets>
53124398,2,11/2/2018 18:59,
53583645,1,12/2/2018 19:10,<match><eof><perl6><ff>
53583647,1,12/2/2018 19:10,<python><bioinformatics><biopython><fasta>
53583648,2,12/2/2018 19:11,
53583650,2,12/2/2018 19:11,
53583652,1,12/2/2018 19:11,<kotlin><kotlinx.coroutines>
53583653,1,12/2/2018 19:11,<java><twilio>
53583654,1,12/2/2018 19:11,<security><google-chrome-extension><firefox-webextensions>
53583656,2,12/2/2018 19:11,
53583658,1,12/2/2018 19:11,<angular><angular-cli>
53583659,2,12/2/2018 19:11,
53583660,1,12/2/2018 19:11,<javascript><node.js><popmotion>
53583662,1,12/2/2018 19:11,<python><matplotlib><plot>
53583664,1,12/2/2018 19:12,<swift><firebase><google-cloud-firestore>
53583665,2,12/2/2018 19:12,
53583666,1,12/2/2018 19:12,<php><json><curl>
53583667,2,12/2/2018 19:12,
53583669,1,12/2/2018 19:13,<sql><oracle><database-trigger>
53583670,1,12/2/2018 19:13,<r><shiny>
53583671,2,12/2/2018 19:13,
53583672,1,12/2/2018 19:13,<swift><macos><avfoundation><avkit>
53583673,1,12/2/2018 19:13,<python><django><many-to-many>
53583674,2,12/2/2018 19:13,
53583675,2,12/2/2018 19:13,
53124399,2,11/2/2018 18:59,
53124400,2,11/2/2018 18:59,
53124401,1,11/2/2018 18:59,<ethereum><contract>
53124402,1,11/2/2018 18:59,<xml><xsd><key><schema>
53124403,2,11/2/2018 18:59,
53124404,2,11/2/2018 18:59,
53124405,2,11/2/2018 18:59,
53124406,1,11/2/2018 18:59,<tfs><mention>
53124407,2,11/2/2018 18:59,
53124408,2,11/2/2018 19:00,
53124409,1,11/2/2018 19:00,<azure-service-fabric-mesh>
53124410,1,11/2/2018 19:00,<go>
53124411,1,11/2/2018 19:00,<python><django><unit-testing><many-to-many>
53124412,1,11/2/2018 19:00,<python><ubuntu><subprocess><ubuntu-18.04><os.system>
53124414,2,11/2/2018 19:00,
